"DESCRIPTION","DURATION IN MS","NAME","PARENT SUITE","START TIME","STATUS","STOP TIME","SUB SUITE","SUITE","TEST CLASS","TEST METHOD"
"","30059","Create Product with same name","sales-portal-api","Thu Oct 08 01:52:15 UTC 2026","broken","Thu Oct 08 01:52:45 UTC 2026","[API] [Sales Portal] [Products Negative test]","","",""
"","30075","Update a customer with valid data for all fields","sales-portal-api","Thu Oct 08 01:42:01 UTC 2026","broken","Thu Oct 08 01:42:31 UTC 2026","[API] [Sales Portal] [Customers] > [Update Positive]","","",""
"","0","Update customer with invalid house data type","sales-portal-api","Thu Oct 08 01:43:30 UTC 2026","skipped","Thu Oct 08 01:43:30 UTC 2026","[API] [Sales Portal] [Customers] > [Update Negative]","","",""
"","30058","Update a draft order with existing customer and existing products","sales-portal-api","Thu Oct 08 01:49:18 UTC 2026","broken","Thu Oct 08 01:49:48 UTC 2026","[API] [Sales Portal] [Orders] > [Update Positive]","","",""
"","30060","Receive Product with invalid product ID","sales-portal-api","Thu Oct 08 01:49:11 UTC 2026","broken","Thu Oct 08 01:49:41 UTC 2026","[API] [Sales Portal] [Products]","","",""
"","60010","Update product with valid data: min valid price","sales-portal-api","Thu Oct 08 02:00:03 UTC 2026","broken","Thu Oct 08 02:01:03 UTC 2026","[API] [Sales Portal] [Products]","","",""
"","0","Create customer with invalid country data type","sales-portal-api","Thu Oct 08 01:39:23 UTC 2026","skipped","Thu Oct 08 01:39:23 UTC 2026","[API] [Sales Portal] [Customers] > [Create Negative]","","",""
"","30061","Delete Order","sales-portal-api","Thu Oct 08 01:46:13 UTC 2026","broken","Thu Oct 08 01:46:43 UTC 2026","[API] [Sales Portal] [Orders]","","",""
"","30109","Add comment with < symbol","sales-portal-api","Thu Oct 08 01:44:09 UTC 2026","broken","Thu Oct 08 01:44:39 UTC 2026","[API] [Sales Portal] [Orders] [Comments] [Add Comment]","","",""
"","0","Create customer with invalid city data type","sales-portal-api","Thu Oct 08 01:39:23 UTC 2026","skipped","Thu Oct 08 01:39:23 UTC 2026","[API] [Sales Portal] [Customers] > [Create Negative]","","",""
"","0","Create a customer without authorization token","sales-portal-api","Thu Oct 08 01:39:24 UTC 2026","skipped","Thu Oct 08 01:39:24 UTC 2026","[API] [Sales Portal] [Customers] > [Create Negative]","","",""
"","60010","Update product with invalid data: notes length more than max valid","sales-portal-api","Thu Oct 08 01:58:05 UTC 2026","broken","Thu Oct 08 01:59:05 UTC 2026","[API] [Sales Portal] [Products]","","",""
"","0","Create customer with invalid flat data type","sales-portal-api","Thu Oct 08 01:39:22 UTC 2026","skipped","Thu Oct 08 01:39:22 UTC 2026","[API] [Sales Portal] [Customers] > [Create Negative]","","",""
"","30071","Update status: In Process to Canceled","sales-portal-api","Thu Oct 08 01:50:18 UTC 2026","broken","Thu Oct 08 01:50:48 UTC 2026","[API] [Sales Portal] [Orders] > [Update Order Status Positive]","","",""
"","30061","success","sales-portal-api","Thu Oct 08 01:39:55 UTC 2026","broken","Thu Oct 08 01:40:25 UTC 2026","Delete customer > positive","","",""
"","0","get orders without token","sales-portal-api","Thu Oct 08 01:48:43 UTC 2026","skipped","Thu Oct 08 01:48:43 UTC 2026","Get orders all > negative","","",""
"","30163","Create a customer with empty required field country","sales-portal-api","Thu Oct 08 01:38:55 UTC 2026","broken","Thu Oct 08 01:39:25 UTC 2026","[API] [Sales Portal] [Customers] > [Create Negative]","","",""
"","30063","Search by email","sales-portal-api","Thu Oct 08 01:39:53 UTC 2026","broken","Thu Oct 08 01:40:24 UTC 2026","[API] [Sales Portal] [Customers]","","",""
"","30027","Get notification w/o token","sales-portal-api","Thu Oct 08 01:43:06 UTC 2026","broken","Thu Oct 08 01:43:36 UTC 2026","[API][Notifications]","","",""
"","30072","Update status: Draft to In Process with scheduled delivery without authorization token","sales-portal-api","Thu Oct 08 01:50:22 UTC 2026","broken","Thu Oct 08 01:50:52 UTC 2026","[API] [Sales Portal] [Orders] > [Update Order Status Negative]","","",""
"","30026","Search by name","sales-portal-api","Thu Oct 08 01:53:19 UTC 2026","broken","Thu Oct 08 01:53:49 UTC 2026","[Sorting Product] [Search Product] > Search","","",""
"","60012","Update product with valid data: max valid price","sales-portal-api","Thu Oct 08 02:00:07 UTC 2026","broken","Thu Oct 08 02:01:07 UTC 2026","[API] [Sales Portal] [Products]","","",""
"","1","Update a customer with field name","sales-portal-api","Thu Oct 08 01:42:34 UTC 2026","skipped","Thu Oct 08 01:42:34 UTC 2026","[API] [Sales Portal] [Customers] > [Update Positive]","","",""
"","0","Create a customer with invalid token","sales-portal-api","Thu Oct 08 01:39:24 UTC 2026","skipped","Thu Oct 08 01:39:24 UTC 2026","[API] [Sales Portal] [Customers] > [Create Negative]","","",""
"","60006","Update product with invalid data: amount more than max valid","sales-portal-api","Thu Oct 08 01:58:01 UTC 2026","broken","Thu Oct 08 01:59:01 UTC 2026","[API] [Sales Portal] [Products]","","",""
"","30059","get list with created customer","sales-portal-api","Thu Oct 08 01:40:57 UTC 2026","broken","Thu Oct 08 01:41:27 UTC 2026","Get customers all > positive","","",""
"","60007","Update product with invalid data: name has invalid format","sales-portal-api","Thu Oct 08 01:56:03 UTC 2026","broken","Thu Oct 08 01:57:03 UTC 2026","[API] [Sales Portal] [Products]","","",""
"","30058","create order with invalid customer id","sales-portal-api","Thu Oct 08 01:46:04 UTC 2026","broken","Thu Oct 08 01:46:34 UTC 2026","Create order","","",""
"","30071","invalid id","sales-portal-api","Thu Oct 08 01:39:58 UTC 2026","broken","Thu Oct 08 01:40:28 UTC 2026","Delete customer > negative","","",""
"","30061","Get list of orders for customer without Orders","sales-portal-api","Thu Oct 08 01:41:57 UTC 2026","broken","Thu Oct 08 01:42:27 UTC 2026","[API] [Sales Portal] [Customers] > [Customer Orders]","","",""
"","30032","Patch {notificationId}/read","sales-portal-api","Thu Oct 08 01:43:07 UTC 2026","broken","Thu Oct 08 01:43:37 UTC 2026","[API][Notifications]","","",""
"","30095","Get order by invalid id","sales-portal-api","Thu Oct 08 01:47:15 UTC 2026","broken","Thu Oct 08 01:47:45 UTC 2026","[API] [Sales Portal] [Orders] [Get Oreder By Id]","","",""
"","0","filter orders by status: In Process","sales-portal-api","Thu Oct 08 01:48:38 UTC 2026","skipped","Thu Oct 08 01:48:38 UTC 2026","Get orders all > positive","","",""
"","30027","Update product","sales-portal-api","Thu Oct 08 01:54:31 UTC 2026","broken","Thu Oct 08 01:55:01 UTC 2026","[API] [Sales Portal] [Products] > Smoke","","",""
"","30028","Get all notification","sales-portal-api","Thu Oct 08 01:43:03 UTC 2026","broken","Thu Oct 08 01:43:33 UTC 2026","[API][Notifications]","","",""
"","30063","Receive few Products from order","sales-portal-api","Thu Oct 08 01:48:15 UTC 2026","broken","Thu Oct 08 01:48:45 UTC 2026","[API] [Sales Portal] [Products]","","",""
"","0","Update customer with invalid street data type","sales-portal-api","Thu Oct 08 01:43:30 UTC 2026","skipped","Thu Oct 08 01:43:30 UTC 2026","[API] [Sales Portal] [Customers] > [Update Negative]","","",""
"","30072","Update status: Draft to In Process with scheduled delivery with empty request body","sales-portal-api","Thu Oct 08 01:50:22 UTC 2026","broken","Thu Oct 08 01:50:53 UTC 2026","[API] [Sales Portal] [Orders] > [Update Order Status Negative]","","",""
"","30061","Update an order in process","sales-portal-api","Thu Oct 08 01:50:13 UTC 2026","broken","Thu Oct 08 01:50:43 UTC 2026","[API] [Sales Portal] [Orders] > [Update Negative]","","",""
"","30156","Add comment with valid length","sales-portal-api","Thu Oct 08 01:43:07 UTC 2026","broken","Thu Oct 08 01:43:37 UTC 2026","[API] [Sales Portal] [Orders] [Comments] [Add Comment]","","",""
"","30065","Get orders for customer without TOKEN","sales-portal-api","Thu Oct 08 01:42:01 UTC 2026","broken","Thu Oct 08 01:42:31 UTC 2026","[API] [Sales Portal] [Customers] > [Customer Orders]","","",""
"","30060","Receive Product with no product ID","sales-portal-api","Thu Oct 08 01:49:10 UTC 2026","broken","Thu Oct 08 01:49:40 UTC 2026","[API] [Sales Portal] [Products]","","",""
"","30026","SortField: manufacturer, sortOrder: asc","sales-portal-api","Thu Oct 08 01:53:26 UTC 2026","broken","Thu Oct 08 01:53:56 UTC 2026","[Sorting Product] [Search Product] > Sorting","","",""
"","30083","Create customer with invalid street data type","sales-portal-api","Thu Oct 08 01:38:52 UTC 2026","broken","Thu Oct 08 01:39:22 UTC 2026","[API] [Sales Portal] [Customers] > [Create Negative]","","",""
"","30074","Assign a manager","sales-portal-api","Thu Oct 08 01:44:10 UTC 2026","broken","Thu Oct 08 01:44:40 UTC 2026","[API] [Sales Portal] [Orders] [Assign a manager to an order]","","",""
"","0","Update status: Canceled to Draft (reopen)","sales-portal-api","Thu Oct 08 01:50:48 UTC 2026","skipped","Thu Oct 08 01:50:48 UTC 2026","[API] [Sales Portal] [Orders] > [Update Order Status Positive]","","",""
"","30078","Get customer by existing ID without token","sales-portal-api","Thu Oct 08 01:39:58 UTC 2026","broken","Thu Oct 08 01:40:28 UTC 2026","[API] [Sales Portal] [Customers] > [Get By ID Negative]","","",""
"","0","Update a customer with field flat","sales-portal-api","Thu Oct 08 01:42:34 UTC 2026","skipped","Thu Oct 08 01:42:34 UTC 2026","[API] [Sales Portal] [Customers] > [Update Positive]","","",""
"","30066","Receive Product with unexisted order ID","sales-portal-api","Thu Oct 08 01:48:18 UTC 2026","broken","Thu Oct 08 01:48:48 UTC 2026","[API] [Sales Portal] [Products]","","",""
"","1","Update customer with invalid phone data type","sales-portal-api","Thu Oct 08 01:43:33 UTC 2026","skipped","Thu Oct 08 01:43:33 UTC 2026","[API] [Sales Portal] [Customers] > [Update Negative]","","",""
"","30095","Update a customer with field street","sales-portal-api","Thu Oct 08 01:42:05 UTC 2026","broken","Thu Oct 08 01:42:35 UTC 2026","[API] [Sales Portal] [Customers] > [Update Positive]","","",""
"","0","Create a customer with empty request body","sales-portal-api","Thu Oct 08 01:39:24 UTC 2026","skipped","Thu Oct 08 01:39:24 UTC 2026","[API] [Sales Portal] [Customers] > [Create Negative]","","",""
"","30062","Update status: In Process to Received","sales-portal-api","Thu Oct 08 01:50:20 UTC 2026","broken","Thu Oct 08 01:50:50 UTC 2026","[API] [Sales Portal] [Orders] > [Update Order Status Negative]","","",""
"","30063","Update an order with empty request body","sales-portal-api","Thu Oct 08 01:50:12 UTC 2026","broken","Thu Oct 08 01:50:42 UTC 2026","[API] [Sales Portal] [Orders] > [Update Negative]","","",""
"","30069","Unassign a manager","sales-portal-api","Thu Oct 08 01:49:15 UTC 2026","broken","Thu Oct 08 01:49:45 UTC 2026","[API] [Sales Portal] [Orders] [Unassign a manager from an order]","","",""
"","30061","Create product with 41 characters value in product name","sales-portal-api","Thu Oct 08 01:51:19 UTC 2026","broken","Thu Oct 08 01:51:49 UTC 2026","[API] [Sales Portal] [Products Negative test]","","",""
"","60011","Update product with invalid data: price more than max valid","sales-portal-api","Thu Oct 08 01:56:59 UTC 2026","broken","Thu Oct 08 01:57:59 UTC 2026","[API] [Sales Portal] [Products]","","",""
"","30062","Update customer with invalid flat data type","sales-portal-api","Thu Oct 08 01:43:03 UTC 2026","broken","Thu Oct 08 01:43:33 UTC 2026","[API] [Sales Portal] [Customers] > [Update Negative]","","",""
"","30075","sort by createdOn","sales-portal-api","Thu Oct 08 01:41:01 UTC 2026","broken","Thu Oct 08 01:41:31 UTC 2026","Get customers all > positive","","",""
"","30025","Delete Product without TOKEN","sales-portal-api","Thu Oct 08 01:52:26 UTC 2026","broken","Thu Oct 08 01:52:56 UTC 2026","[API] [Sales Portal] [Products]","","",""
"","1","Update status: In Process to Partially Received","sales-portal-api","Thu Oct 08 01:50:49 UTC 2026","skipped","Thu Oct 08 01:50:49 UTC 2026","[API] [Sales Portal] [Orders] > [Update Order Status Negative]","","",""
"","30122","Delete comment by valid id without auth token","sales-portal-api","Thu Oct 08 01:46:09 UTC 2026","broken","Thu Oct 08 01:46:40 UTC 2026","[API] [Sales Portal] [Orders] [Comments] [Delete Comment By Id]","","",""
"","0","Update a customer with field email","sales-portal-api","Thu Oct 08 01:42:34 UTC 2026","skipped","Thu Oct 08 01:42:34 UTC 2026","[API] [Sales Portal] [Customers] > [Update Positive]","","",""
"","30118","Create customer with invalid name data type","sales-portal-api","Thu Oct 08 01:38:53 UTC 2026","broken","Thu Oct 08 01:39:23 UTC 2026","[API] [Sales Portal] [Customers] > [Create Negative]","","",""
"","30105","Delete comment by valid id","sales-portal-api","Thu Oct 08 01:46:09 UTC 2026","broken","Thu Oct 08 01:46:39 UTC 2026","[API] [Sales Portal] [Orders] [Comments] [Delete Comment By Id]","","",""
"","60012","Update product with invalid data: price is not a number","sales-portal-api","Thu Oct 08 01:57:59 UTC 2026","broken","Thu Oct 08 01:58:59 UTC 2026","[API] [Sales Portal] [Products]","","",""
"","1","sort by status","sales-portal-api","Thu Oct 08 01:47:46 UTC 2026","skipped","Thu Oct 08 01:47:46 UTC 2026","Get orders all > positive","","",""
"","30092","Assign same manager again","sales-portal-api","Thu Oct 08 01:44:10 UTC 2026","broken","Thu Oct 08 01:44:40 UTC 2026","[API] [Sales Portal] [Orders] [Assign a manager to an order]","","",""
"","30061","Update delivery details of an order without TOKEN","sales-portal-api","Thu Oct 08 01:47:11 UTC 2026","broken","Thu Oct 08 01:47:41 UTC 2026","[API] [Sales Portal] [Orders] [Update delivery details of an order]","","",""
"","30026","Create product with 40 characters value in product name","sales-portal-api","Thu Oct 08 01:52:21 UTC 2026","broken","Thu Oct 08 01:52:51 UTC 2026","[API] [Sales Portal] [Products]","","",""
"","1","Create a customer with empty required field email","sales-portal-api","Thu Oct 08 01:39:25 UTC 2026","skipped","Thu Oct 08 01:39:25 UTC 2026","[API] [Sales Portal] [Customers] > [Create Negative]","","",""
"","30108","Get customer by existing ID","sales-portal-api","Thu Oct 08 01:39:58 UTC 2026","broken","Thu Oct 08 01:40:28 UTC 2026","[API] [Sales Portal] [Customers] > [Get By ID Positive]","","",""
"","30027","Pagination for not existed page","sales-portal-api","Thu Oct 08 01:54:31 UTC 2026","broken","Thu Oct 08 01:55:01 UTC 2026","[API] [Sales Portal] [Products] Pagination > pagination","","",""
"","30094","Add 2 valid comments","sales-portal-api","Thu Oct 08 01:44:01 UTC 2026","broken","Thu Oct 08 01:44:31 UTC 2026","[API] [Sales Portal] [Orders] [Comments] [Add Comment]","","",""
"","30075","Update an order with invalid token","sales-portal-api","Thu Oct 08 01:49:20 UTC 2026","broken","Thu Oct 08 01:49:50 UTC 2026","[API] [Sales Portal] [Orders] > [Update Negative]","","",""
"","30098","Update a customer with invalid token","sales-portal-api","Thu Oct 08 01:42:05 UTC 2026","broken","Thu Oct 08 01:42:35 UTC 2026","[API] [Sales Portal] [Customers] > [Update Negative]","","",""
"","1","filter orders by status: Canceled","sales-portal-api","Thu Oct 08 01:48:39 UTC 2026","skipped","Thu Oct 08 01:48:39 UTC 2026","Get orders all > positive","","",""
"","30088","get customers without token","sales-portal-api","Thu Oct 08 01:41:01 UTC 2026","broken","Thu Oct 08 01:41:32 UTC 2026","Get customers all > negative","","",""
"","30097","Add comment with > symbol","sales-portal-api","Thu Oct 08 01:44:08 UTC 2026","broken","Thu Oct 08 01:44:38 UTC 2026","[API] [Sales Portal] [Orders] [Comments] [Add Comment]","","",""
"","30030","Patch notifications/mark-all-read","sales-portal-api","Thu Oct 08 01:43:07 UTC 2026","broken","Thu Oct 08 01:43:37 UTC 2026","[API][Notifications]","","",""
"","30060","Creat product with invalid notes","sales-portal-api","Thu Oct 08 01:51:22 UTC 2026","broken","Thu Oct 08 01:51:52 UTC 2026","[API] [Sales Portal] [Products Negative test]","","",""
"","30026","SortField: manufacturer, sortOrder: desc","sales-portal-api","Thu Oct 08 01:54:24 UTC 2026","broken","Thu Oct 08 01:54:54 UTC 2026","[Sorting Product] [Search Product] > Sorting","","",""
"","30064","Assign a manager to non-existent order","sales-portal-api","Thu Oct 08 01:45:07 UTC 2026","broken","Thu Oct 08 01:45:37 UTC 2026","[API] [Sales Portal] [Orders] [Assign a manager to an order]","","",""
"","60010","Update product with existed name","sales-portal-api","Thu Oct 08 01:55:58 UTC 2026","broken","Thu Oct 08 01:56:58 UTC 2026","[API] [Sales Portal] [Products]","","",""
"","30063","filter orders by status: Partially Received","sales-portal-api","Thu Oct 08 01:48:13 UTC 2026","broken","Thu Oct 08 01:48:43 UTC 2026","Get orders all > positive","","",""
"","30105","Get order by valid id","sales-portal-api","Thu Oct 08 01:47:12 UTC 2026","broken","Thu Oct 08 01:47:42 UTC 2026","[API] [Sales Portal] [Orders] [Get Oreder By Id]","","",""
"","30068","sort by email","sales-portal-api","Thu Oct 08 01:40:59 UTC 2026","broken","Thu Oct 08 01:41:29 UTC 2026","Get customers all > positive","","",""
"","0","sort by createdOn","sales-portal-api","Thu Oct 08 01:47:46 UTC 2026","skipped","Thu Oct 08 01:47:46 UTC 2026","Get orders all > positive","","",""
"","30025","Create product with 3 characters value in product name","sales-portal-api","Thu Oct 08 01:52:17 UTC 2026","broken","Thu Oct 08 01:52:47 UTC 2026","[API] [Sales Portal] [Products]","","",""
"","60011","Update product without token","sales-portal-api","Thu Oct 08 01:55:57 UTC 2026","broken","Thu Oct 08 01:56:57 UTC 2026","[API] [Sales Portal] [Products]","","",""
"","30026","Smoke for all products (without filter parameters)","sales-portal-api","Thu Oct 08 01:52:27 UTC 2026","broken","Thu Oct 08 01:52:57 UTC 2026","[API] [Sales Portal] [Products]","","",""
"","60011","Update product with invalid data: amount less than min valid","sales-portal-api","Thu Oct 08 01:58:00 UTC 2026","broken","Thu Oct 08 01:59:00 UTC 2026","[API] [Sales Portal] [Products]","","",""
"","30026","Pagination","sales-portal-api","Thu Oct 08 01:54:27 UTC 2026","broken","Thu Oct 08 01:54:58 UTC 2026","[API] [Sales Portal] [Products] Pagination > pagination","","",""
"","60007","Update product with invalid data: name less than min valid length","sales-portal-api","Thu Oct 08 01:55:59 UTC 2026","broken","Thu Oct 08 01:56:59 UTC 2026","[API] [Sales Portal] [Products]","","",""
"","30028","SortField: name, sortOrder: desc","sales-portal-api","Thu Oct 08 01:54:26 UTC 2026","broken","Thu Oct 08 01:54:56 UTC 2026","[Sorting Product] [Search Product] > Sorting","","",""
"","30122","Create a customer with valid data with all fields","sales-portal-api","Thu Oct 08 01:38:54 UTC 2026","broken","Thu Oct 08 01:39:24 UTC 2026","[API] [Sales Portal] [Customers] > [Create Positive]","","",""
"","30067","Update status: Draft to In Process with scheduled delivery","sales-portal-api","Thu Oct 08 01:50:17 UTC 2026","broken","Thu Oct 08 01:50:47 UTC 2026","[API] [Sales Portal] [Orders] > [Update Order Status Positive]","","",""
"","60012","Update product with valid data: name with max valid length","sales-portal-api","Thu Oct 08 02:00:02 UTC 2026","broken","Thu Oct 08 02:01:02 UTC 2026","[API] [Sales Portal] [Products]","","",""
"","30143","Create a customer with empty required field street","sales-portal-api","Thu Oct 08 01:38:54 UTC 2026","broken","Thu Oct 08 01:39:24 UTC 2026","[API] [Sales Portal] [Customers] > [Create Negative]","","",""
"","1","Create a customer with empty required field name","sales-portal-api","Thu Oct 08 01:39:25 UTC 2026","skipped","Thu Oct 08 01:39:25 UTC 2026","[API] [Sales Portal] [Customers] > [Create Negative]","","",""
"","60010","Update product with invalid data: notes with > symbol","sales-portal-api","Thu Oct 08 01:58:56 UTC 2026","broken","Thu Oct 08 01:59:56 UTC 2026","[API] [Sales Portal] [Products]","","",""
"","30070","get order list","sales-portal-api","Thu Oct 08 01:47:16 UTC 2026","broken","Thu Oct 08 01:47:46 UTC 2026","Get orders all > positive","","",""
"","0","Update status: Partially Received to Received","sales-portal-api","Thu Oct 08 01:50:50 UTC 2026","skipped","Thu Oct 08 01:50:50 UTC 2026","[API] [Sales Portal] [Orders] > [Update Order Status Negative]","","",""
"","30026","SortField: createdOn, sortOrder: asc","sales-portal-api","Thu Oct 08 01:53:24 UTC 2026","broken","Thu Oct 08 01:53:54 UTC 2026","[Sorting Product] [Search Product] > Sorting","","",""
"","30073","create order without token","sales-portal-api","Thu Oct 08 01:45:12 UTC 2026","broken","Thu Oct 08 01:45:42 UTC 2026","Create order","","",""
"","30061","Update status: Draft to In Process without scheduled delivery","sales-portal-api","Thu Oct 08 01:50:19 UTC 2026","broken","Thu Oct 08 01:50:49 UTC 2026","[API] [Sales Portal] [Orders] > [Update Order Status Negative]","","",""
"","0","Update a customer with field city","sales-portal-api","Thu Oct 08 01:42:31 UTC 2026","skipped","Thu Oct 08 01:42:31 UTC 2026","[API] [Sales Portal] [Customers] > [Update Positive]","","",""
"","30088","sort by country","sales-portal-api","Thu Oct 08 01:41:01 UTC 2026","broken","Thu Oct 08 01:41:31 UTC 2026","Get customers all > positive","","",""
"","30026","Should NOT update product with not existing id","sales-portal-api","Thu Oct 08 01:55:22 UTC 2026","broken","Thu Oct 08 01:55:52 UTC 2026","[API] [Sales Portal] [Products] > NOT SMOKE","","",""
"","30086","Update a customer with field country","sales-portal-api","Thu Oct 08 01:42:04 UTC 2026","broken","Thu Oct 08 01:42:34 UTC 2026","[API] [Sales Portal] [Customers] > [Update Positive]","","",""
"","30065","create order successfully","sales-portal-api","Thu Oct 08 01:45:10 UTC 2026","broken","Thu Oct 08 01:45:40 UTC 2026","Create order","","",""
"","1","Create customer with invalid notes data type","sales-portal-api","Thu Oct 08 01:39:25 UTC 2026","skipped","Thu Oct 08 01:39:25 UTC 2026","[API] [Sales Portal] [Customers] > [Create Negative]","","",""
"","30094","Add comment without auth token","sales-portal-api","Thu Oct 08 01:44:02 UTC 2026","broken","Thu Oct 08 01:44:32 UTC 2026","[API] [Sales Portal] [Orders] [Comments] [Add Comment]","","",""
"","30147","Create a customer with empty required field house","sales-portal-api","Thu Oct 08 01:38:54 UTC 2026","broken","Thu Oct 08 01:39:25 UTC 2026","[API] [Sales Portal] [Customers] > [Create Negative]","","",""
"","30095","Get order by valid without auth token","sales-portal-api","Thu Oct 08 01:47:13 UTC 2026","broken","Thu Oct 08 01:47:43 UTC 2026","[API] [Sales Portal] [Orders] [Get Oreder By Id]","","",""
"","30034","SortField: name, sortOrder: asc","sales-portal-api","Thu Oct 08 01:53:29 UTC 2026","broken","Thu Oct 08 01:53:59 UTC 2026","[Sorting Product] [Search Product] > Sorting","","",""
"","30033","Creat product with valid productData","sales-portal-api","Thu Oct 08 01:52:21 UTC 2026","broken","Thu Oct 08 01:52:51 UTC 2026","[API] [Sales Portal] [Products]","","",""
"","60012","Update product with valid data: max valid notes length","sales-portal-api","Thu Oct 08 02:01:03 UTC 2026","broken","Thu Oct 08 02:02:03 UTC 2026","[API] [Sales Portal] [Products]","","",""
"","30069","Creat product without name","sales-portal-api","Thu Oct 08 01:51:24 UTC 2026","broken","Thu Oct 08 01:51:54 UTC 2026","[API] [Sales Portal] [Products Negative test]","","",""
"","30098","Get customer by non-existing ID","sales-portal-api","Thu Oct 08 01:39:59 UTC 2026","broken","Thu Oct 08 01:40:29 UTC 2026","[API] [Sales Portal] [Customers] > [Get By ID Negative]","","",""
"","0","Update customer with invalid name data type","sales-portal-api","Thu Oct 08 01:43:29 UTC 2026","skipped","Thu Oct 08 01:43:29 UTC 2026","[API] [Sales Portal] [Customers] > [Update Negative]","","",""
"","30080","invalid token","sales-portal-api","Thu Oct 08 01:39:57 UTC 2026","broken","Thu Oct 08 01:40:27 UTC 2026","Delete customer > negative","","",""
"","30026","Delete a deleted Product","sales-portal-api","Thu Oct 08 01:52:24 UTC 2026","broken","Thu Oct 08 01:52:54 UTC 2026","[API] [Sales Portal] [Products]","","",""
"","30063","Update delivery details without invalid delivery date","sales-portal-api","Thu Oct 08 01:47:08 UTC 2026","broken","Thu Oct 08 01:47:38 UTC 2026","[API] [Sales Portal] [Orders] [Update delivery details of an order]","","",""
"","30107","Create customer with invalid phone data type","sales-portal-api","Thu Oct 08 01:38:54 UTC 2026","broken","Thu Oct 08 01:39:25 UTC 2026","[API] [Sales Portal] [Customers] > [Create Negative]","","",""
"","30069","Creat product with invalid price = 100000","sales-portal-api","Thu Oct 08 01:51:20 UTC 2026","broken","Thu Oct 08 01:51:50 UTC 2026","[API] [Sales Portal] [Products Negative test]","","",""
"","30060","Creat product with invalid amount = -5","sales-portal-api","Thu Oct 08 01:51:21 UTC 2026","broken","Thu Oct 08 01:51:51 UTC 2026","[API] [Sales Portal] [Products Negative test]","","",""
"","0","Create a customer with empty required field city","sales-portal-api","Thu Oct 08 01:39:24 UTC 2026","skipped","Thu Oct 08 01:39:24 UTC 2026","[API] [Sales Portal] [Customers] > [Create Negative]","","",""
"","30064","create order with multiple products","sales-portal-api","Thu Oct 08 01:45:11 UTC 2026","broken","Thu Oct 08 01:45:41 UTC 2026","Create order","","",""
"","30031","Should NOT update product with existing product name","sales-portal-api","Thu Oct 08 01:55:26 UTC 2026","broken","Thu Oct 08 01:55:56 UTC 2026","[API] [Sales Portal] [Products] > NOT SMOKE","","",""
"","0","Update a customer with valid data with minimal required fields","sales-portal-api","Thu Oct 08 01:42:31 UTC 2026","skipped","Thu Oct 08 01:42:31 UTC 2026","[API] [Sales Portal] [Customers] > [Update Positive]","","",""
"","1","Update customer with invalid country data type","sales-portal-api","Thu Oct 08 01:43:29 UTC 2026","skipped","Thu Oct 08 01:43:29 UTC 2026","[API] [Sales Portal] [Customers] > [Update Negative]","","",""
"","30027","SortField: price, sortOrder: desc","sales-portal-api","Thu Oct 08 01:54:25 UTC 2026","broken","Thu Oct 08 01:54:55 UTC 2026","[Sorting Product] [Search Product] > Sorting","","",""
"","30026","SortField: price, sortOrder: asc","sales-portal-api","Thu Oct 08 01:53:28 UTC 2026","broken","Thu Oct 08 01:53:58 UTC 2026","[Sorting Product] [Search Product] > Sorting","","",""
"","30099","Delete comment by invalid id","sales-portal-api","Thu Oct 08 01:46:11 UTC 2026","broken","Thu Oct 08 01:46:42 UTC 2026","[API] [Sales Portal] [Orders] [Comments] [Delete Comment By Id]","","",""
"","30056","Update customer with invalid city data type","sales-portal-api","Thu Oct 08 01:43:00 UTC 2026","broken","Thu Oct 08 01:43:30 UTC 2026","[API] [Sales Portal] [Customers] > [Update Negative]","","",""
"","30067","Update an order without authorization token","sales-portal-api","Thu Oct 08 01:49:20 UTC 2026","broken","Thu Oct 08 01:49:50 UTC 2026","[API] [Sales Portal] [Orders] > [Update Negative]","","",""
"","30065","Assign a manager without TOKEN","sales-portal-api","Thu Oct 08 01:45:04 UTC 2026","broken","Thu Oct 08 01:45:34 UTC 2026","[API] [Sales Portal] [Orders] [Assign a manager to an order]","","",""
"","30055","filter orders by status: Received","sales-portal-api","Thu Oct 08 01:48:09 UTC 2026","broken","Thu Oct 08 01:48:39 UTC 2026","Get orders all > positive","","",""
"","30105","Add empty comment","sales-portal-api","Thu Oct 08 01:44:05 UTC 2026","broken","Thu Oct 08 01:44:35 UTC 2026","[API] [Sales Portal] [Orders] [Comments] [Add Comment]","","",""
"","60013","Update product with valid data: name with only one space","sales-portal-api","Thu Oct 08 02:00:03 UTC 2026","broken","Thu Oct 08 02:01:03 UTC 2026","[API] [Sales Portal] [Products]","","",""
"","30069","Unassign a manager without TOKEN","sales-portal-api","Thu Oct 08 01:49:16 UTC 2026","broken","Thu Oct 08 01:49:46 UTC 2026","[API] [Sales Portal] [Orders] [Unassign a manager from an order]","","",""
"","30062","Unassign a manager from non-existent order","sales-portal-api","Thu Oct 08 01:49:17 UTC 2026","broken","Thu Oct 08 01:49:47 UTC 2026","[API] [Sales Portal] [Orders] [Unassign a manager from an order]","","",""
"","30057","filter orders by status: Draft","sales-portal-api","Thu Oct 08 01:48:08 UTC 2026","broken","Thu Oct 08 01:48:38 UTC 2026","Get orders all > positive","","",""
"","60007","Update product with valid data: empty notes","sales-portal-api","Thu Oct 08 02:00:58 UTC 2026","broken","Thu Oct 08 02:01:58 UTC 2026","[API] [Sales Portal] [Products]","","",""
"","30062","create order with empty body","sales-portal-api","Thu Oct 08 01:45:12 UTC 2026","broken","Thu Oct 08 01:45:42 UTC 2026","Create order","","",""
"","30061","Get orders for customer","sales-portal-api","Thu Oct 08 01:41:58 UTC 2026","broken","Thu Oct 08 01:42:29 UTC 2026","[API] [Sales Portal] [Customers] > [Customer Orders]","","",""
"","2","Create a customer with empty required field flat","sales-portal-api","Thu Oct 08 01:39:25 UTC 2026","skipped","Thu Oct 08 01:39:25 UTC 2026","[API] [Sales Portal] [Customers] > [Create Negative]","","",""
"","0","Update a customer with field phone","sales-portal-api","Thu Oct 08 01:42:34 UTC 2026","skipped","Thu Oct 08 01:42:34 UTC 2026","[API] [Sales Portal] [Customers] > [Update Positive]","","",""
"","30025","NOT create product with invalid data","sales-portal-api","Thu Oct 08 01:51:15 UTC 2026","broken","Thu Oct 08 01:51:45 UTC 2026","[API] [Sales Portal] [Products]","","",""
"","60012","Update product with invalid data: amount is not a number","sales-portal-api","Thu Oct 08 01:58:05 UTC 2026","broken","Thu Oct 08 01:59:05 UTC 2026","[API] [Sales Portal] [Products]","","",""
"","0","Update status: Draft to In Process with scheduled delivery with invalid token","sales-portal-api","Thu Oct 08 01:50:52 UTC 2026","skipped","Thu Oct 08 01:50:52 UTC 2026","[API] [Sales Portal] [Orders] > [Update Order Status Negative]","","",""
"","0","Create a customer with empty required field phone","sales-portal-api","Thu Oct 08 01:39:25 UTC 2026","skipped","Thu Oct 08 01:39:25 UTC 2026","[API] [Sales Portal] [Customers] > [Create Negative]","","",""
"","30067","Delete Order without TOKEN","sales-portal-api","Thu Oct 08 01:46:14 UTC 2026","broken","Thu Oct 08 01:46:44 UTC 2026","[API] [Sales Portal] [Orders]","","",""
"","60005","Update product with invalid data: name with more than one space","sales-portal-api","Thu Oct 08 01:56:51 UTC 2026","broken","Thu Oct 08 01:57:51 UTC 2026","[API] [Sales Portal] [Products]","","",""
"","30105","Create a customer with an email that already exists","sales-portal-api","Thu Oct 08 01:38:54 UTC 2026","broken","Thu Oct 08 01:39:24 UTC 2026","[API] [Sales Portal] [Customers] > [Create Negative]","","",""
"","1","Update a customer with empty request body","sales-portal-api","Thu Oct 08 01:42:35 UTC 2026","skipped","Thu Oct 08 01:42:35 UTC 2026","[API] [Sales Portal] [Customers] > [Update Negative]","","",""
"","30060","Assign non-existent manager","sales-portal-api","Thu Oct 08 01:45:07 UTC 2026","broken","Thu Oct 08 01:45:38 UTC 2026","[API] [Sales Portal] [Orders] [Assign a manager to an order]","","",""
"","60011","Get Product By Id","sales-portal-api","Thu Oct 08 01:53:47 UTC 2026","broken","Thu Oct 08 01:54:47 UTC 2026","[API] [Sales Portal] [Products]","","",""
"","30055","Assign different manager to an order","sales-portal-api","Thu Oct 08 01:45:03 UTC 2026","broken","Thu Oct 08 01:45:33 UTC 2026","[API] [Sales Portal] [Orders] [Assign a manager to an order]","","",""
"","30108","Get orders for non-existent customer","sales-portal-api","Thu Oct 08 01:41:02 UTC 2026","broken","Thu Oct 08 01:41:32 UTC 2026","[API] [Sales Portal] [Customers] > [Customer Orders]","","",""
"","30075","sort by total_price","sales-portal-api","Thu Oct 08 01:47:16 UTC 2026","broken","Thu Oct 08 01:47:46 UTC 2026","Get orders all > positive","","",""
"","60009","Update product with invalid data: notes with < symbol","sales-portal-api","Thu Oct 08 01:58:53 UTC 2026","broken","Thu Oct 08 01:59:53 UTC 2026","[API] [Sales Portal] [Products]","","",""
"","30062","Receive Product with invalid order ID argument","sales-portal-api","Thu Oct 08 01:48:18 UTC 2026","broken","Thu Oct 08 01:48:48 UTC 2026","[API] [Sales Portal] [Products]","","",""
"","30026","Search by price","sales-portal-api","Thu Oct 08 01:53:23 UTC 2026","broken","Thu Oct 08 01:53:53 UTC 2026","[Sorting Product] [Search Product] > Search","","",""
"","1","Create customer with invalid house data type","sales-portal-api","Thu Oct 08 01:39:22 UTC 2026","skipped","Thu Oct 08 01:39:22 UTC 2026","[API] [Sales Portal] [Customers] > [Create Negative]","","",""
"","60010","Update product with valid data: name with min valid length","sales-portal-api","Thu Oct 08 01:59:01 UTC 2026","broken","Thu Oct 08 02:00:01 UTC 2026","[API] [Sales Portal] [Products]","","",""
"","60010","Update product with valid data: min valid amount","sales-portal-api","Thu Oct 08 02:00:07 UTC 2026","broken","Thu Oct 08 02:01:07 UTC 2026","[API] [Sales Portal] [Products]","","",""
"","30074","Update a customer with field house","sales-portal-api","Thu Oct 08 01:42:04 UTC 2026","broken","Thu Oct 08 01:42:34 UTC 2026","[API] [Sales Portal] [Customers] > [Update Positive]","","",""
"","30061","Update customer with invalid email data type","sales-portal-api","Thu Oct 08 01:42:59 UTC 2026","broken","Thu Oct 08 01:43:29 UTC 2026","[API] [Sales Portal] [Customers] > [Update Negative]","","",""
"","60011","Update product with invalid data: price less than min valid","sales-portal-api","Thu Oct 08 01:56:54 UTC 2026","broken","Thu Oct 08 01:57:54 UTC 2026","[API] [Sales Portal] [Products]","","",""
"","1","Update status with same current status (Draft to Draft is not allowed)","sales-portal-api","Thu Oct 08 01:50:53 UTC 2026","skipped","Thu Oct 08 01:50:53 UTC 2026","[API] [Sales Portal] [Orders] > [Update Order Status Negative]","","",""
"","30029","Delete Product","sales-portal-api","Thu Oct 08 01:52:23 UTC 2026","broken","Thu Oct 08 01:52:53 UTC 2026","[API] [Sales Portal] [Products]","","",""
"","0","Create customer with invalid email data type","sales-portal-api","Thu Oct 08 01:39:24 UTC 2026","skipped","Thu Oct 08 01:39:24 UTC 2026","[API] [Sales Portal] [Customers] > [Create Negative]","","",""
"","30026","SortField: createdOn, sortOrder: desc","sales-portal-api","Thu Oct 08 01:54:20 UTC 2026","broken","Thu Oct 08 01:54:50 UTC 2026","[Sorting Product] [Search Product] > Sorting","","",""
"","0","Update customer with invalid notes data type","sales-portal-api","Thu Oct 08 01:43:33 UTC 2026","skipped","Thu Oct 08 01:43:33 UTC 2026","[API] [Sales Portal] [Customers] > [Update Negative]","","",""
"","30026","Create Product","sales-portal-api","Thu Oct 08 01:51:14 UTC 2026","broken","Thu Oct 08 01:51:44 UTC 2026","[API] [Sales Portal] [Products]","","",""
"","30072","Creat product with invalid price = 0","sales-portal-api","Thu Oct 08 01:51:25 UTC 2026","broken","Thu Oct 08 01:51:55 UTC 2026","[API] [Sales Portal] [Products Negative test]","","",""
"","60011","Update product with valid data: max valid amount","sales-portal-api","Thu Oct 08 02:00:55 UTC 2026","broken","Thu Oct 08 02:01:55 UTC 2026","[API] [Sales Portal] [Products]","","",""
"","0","Update a customer using an email that already exists","sales-portal-api","Thu Oct 08 01:42:35 UTC 2026","skipped","Thu Oct 08 01:42:35 UTC 2026","[API] [Sales Portal] [Customers] > [Update Negative]","","",""
"","30058","Get customer by existing ID with invalid token","sales-portal-api","Thu Oct 08 01:40:55 UTC 2026","broken","Thu Oct 08 01:41:25 UTC 2026","[API] [Sales Portal] [Customers] > [Get By ID Negative]","","",""
"","0","Update a customer without authorization token","sales-portal-api","Thu Oct 08 01:42:35 UTC 2026","skipped","Thu Oct 08 01:42:35 UTC 2026","[API] [Sales Portal] [Customers] > [Update Negative]","","",""
"","30032","Search by manufacturer","sales-portal-api","Thu Oct 08 01:53:23 UTC 2026","broken","Thu Oct 08 01:53:53 UTC 2026","[Sorting Product] [Search Product] > Search","","",""
"","60011","Update product with invalid data: name more than max valid length","sales-portal-api","Thu Oct 08 01:56:03 UTC 2026","broken","Thu Oct 08 01:57:03 UTC 2026","[API] [Sales Portal] [Products]","","",""
"","1","Update a customer with field notes","sales-portal-api","Thu Oct 08 01:42:35 UTC 2026","skipped","Thu Oct 08 01:42:35 UTC 2026","[API] [Sales Portal] [Customers] > [Update Positive]","","",""
"","30106","Add comment longer than 250 symbols","sales-portal-api","Thu Oct 08 01:44:05 UTC 2026","broken","Thu Oct 08 01:44:36 UTC 2026","[API] [Sales Portal] [Orders] [Comments] [Add Comment]","","",""
"","30025","Should NOT update product without token","sales-portal-api","Thu Oct 08 01:55:19 UTC 2026","broken","Thu Oct 08 01:55:49 UTC 2026","[API] [Sales Portal] [Products] > NOT SMOKE","","",""
"","0","Create a customer with minimal required fields","sales-portal-api","Thu Oct 08 01:39:24 UTC 2026","skipped","Thu Oct 08 01:39:24 UTC 2026","[API] [Sales Portal] [Customers] > [Create Positive]","","",""
"","30067","sort by name","sales-portal-api","Thu Oct 08 01:40:59 UTC 2026","broken","Thu Oct 08 01:41:29 UTC 2026","Get customers all > positive","","",""
"","30075","Receive Product from order","sales-portal-api","Thu Oct 08 01:48:14 UTC 2026","broken","Thu Oct 08 01:48:44 UTC 2026","[API] [Sales Portal] [Products]","","",""
"","30068","Update delivery details of an order","sales-portal-api","Thu Oct 08 01:46:14 UTC 2026","broken","Thu Oct 08 01:46:44 UTC 2026","[API] [Sales Portal] [Orders] [Update delivery details of an order]","","",""
"","30060","create order with empty products list","sales-portal-api","Thu Oct 08 01:46:06 UTC 2026","broken","Thu Oct 08 01:46:36 UTC 2026","Create order","","",""
"","30059","Receive Products from order without token","sales-portal-api","Thu Oct 08 01:48:17 UTC 2026","broken","Thu Oct 08 01:48:47 UTC 2026","[API] [Sales Portal] [Products]","","",""
"","30096","customer already deleted","sales-portal-api","Thu Oct 08 01:39:57 UTC 2026","broken","Thu Oct 08 01:40:27 UTC 2026","Delete customer > positive","","",""
"","30060","Update delivery details to non-existent order","sales-portal-api","Thu Oct 08 01:47:06 UTC 2026","broken","Thu Oct 08 01:47:36 UTC 2026","[API] [Sales Portal] [Orders] [Update delivery details of an order]","","",""
"","1","Update status: Draft to Canceled","sales-portal-api","Thu Oct 08 01:50:47 UTC 2026","skipped","Thu Oct 08 01:50:47 UTC 2026","[API] [Sales Portal] [Orders] > [Update Order Status Positive]","","",""
